signal,cheap,premium
DOG,0.7909160852432251,
t,0.99061319231987,
