model,median,min,max,n_cells
llama,0.5359434136292459,0.378600316412136,0.6801442217049769,12
qwen,0.38731610108930375,0.33168643575544443,0.6158812384499249,12
