model,median,min,max,n_cells
llama,0.557106481454229,0.40312092075275274,0.7236188323490884,12
qwen,0.4847526723544734,0.34312170148908594,0.636408939458357,12
