{
  "latency": 17.469563709018985,
  "output_throughput": 176.6500899164869,
  "accept_length": 2.714160070360598,
  "accuracy": null,
  "num_questions": 5,
  "num_valid_predictions": 0,
  "categorical_performance": null
}