{
  "latency": 21.158041129994672,
  "output_throughput": 148.50146006880323,
  "accept_length": 3.4565456545654567,
  "accuracy": null,
  "num_questions": 5,
  "num_valid_predictions": 0,
  "categorical_performance": null
}